{
  "project_info": {
    "project_number": "687843595835",
    "firebase_url": "https://ztour-ff74e.firebaseio.com",
    "project_id": "ztour-ff74e",
    "storage_bucket": "ztour-ff74e.appspot.com"
  },
  "client": [
    {
      "client_info": {
        "mobilesdk_app_id": "1:687843595835:android:0ab165ecebd3a7ebc4ee1e",
        "android_client_info": {
          "package_name": "com.example.ztour_mobile"
        }
      },
      "oauth_client": [
        {
          "client_id": "687843595835-5c7a13svnl37c3qnhrbfocffqvt7umt3.apps.googleusercontent.com",
          "client_type": 3
        }
      ],
      "api_key": [
        {
          "current_key": "AIzaSyAEb7mRiy3JgATe3bC4cVjnKyi97fKaayg"
        }
      ],
      "services": {
        "appinvite_service": {
          "other_platform_oauth_client": [
            {
              "client_id": "687843595835-5c7a13svnl37c3qnhrbfocffqvt7umt3.apps.googleusercontent.com",
              "client_type": 3
            }
          ]
        }
      }
    }
  ],
  "configuration_version": "1"
}